ts	phase	decision	why	evidence	result
2026-10-06T10:48:00Z	frame	Treat this as a breaking core redesign, not a behavior-preserving refactor	The user explicitly allows replacing the core and public API	AGENTS.md; package.json; README.md	Investigating
2026-10-06T10:48:00Z	workflow	Run parallel read-only investigations before choosing the data model	Compiler ownership and safe application need independent scrutiny before implementation	src/Workspace/; src/Verification/; src/Application.ts	Five investigation slices launched
2026-10-06T10:48:00Z	baseline	Keep the existing behavioral suite and packed consumer check as the baseline	The redesign must retain compiler batching, migration outputs, stale-file checks and rollback behavior	/Users/texoport/.local/share/opencode/shell/6eb8bcbd247804869f7f0af0da9946a60d5afaf6/sh_110d36929001F1oxX6JF44uDh5.out	VERIFIED: pnpm check; 152 tests across 44 files
2026-10-06T10:50:50Z	regressions	Add four behavioral safety regressions before replacing the core	Public preview mutation, new consumers, extended configs and missing projects all bypass current verification	test/Application.test.ts; test/Verification.test.ts; /Users/texoport/.local/share/opencode/shell/6eb8bcbd247804869f7f0af0da9946a60d5afaf6/sh_110d758cc001L1FSYvAdCLuThI.out	VERIFIED baseline failure: four new failures, 26 existing tests pass
2026-10-06T10:50:50Z	design	Choose explicit snapshots, one Proposal, and a preview with bound apply authority	This removes ambient snapshot state and redundant proposal stages without forcing review into one callback	/private/var/folders/_f/yb2trsh50c1gv2dpybhtbw7r0000gn/T/opencode/safemods-core-ownership.md; /private/var/folders/_f/yb2trsh50c1gv2dpybhtbw7r0000gn/T/opencode/safemods-core-tasks.md	Selected; independent judgment pending
2026-10-06T10:50:50Z	input-probe	Use all five compiler filesystem hooks with no native fallback	A real compiler probe observed extended configs, package metadata, source discovery and absent paths	/private/var/folders/_f/yb2trsh50c1gv2dpybhtbw7r0000gn/T/opencode/fs-probe.d3Uu3W/probe.mjs	VERIFIED feasibility; stable observations are not an atomic filesystem snapshot
2026-10-06T10:55:30Z	judgment	Keep Workspace as the outer dependency and make apply capture its platform services too	Independent review preferred the synthesis and warned against redirecting writes through a different ambient filesystem	/private/var/folders/_f/yb2trsh50c1gv2dpybhtbw7r0000gn/T/opencode/safemods-core-ownership.md; /private/var/folders/_f/yb2trsh50c1gv2dpybhtbw7r0000gn/T/opencode/safemods-core-tasks.md	Independent reviewer reported GPT-6.1 Sol, not a different model family
2026-10-06T10:55:30Z	implementation	Use separate writable worktrees for compiler inputs, coupled API migration, and query ownership	The shared contracts are settled; source-file ownership keeps independent work from overwriting changes	src/Workspace/; src/Query.ts; src/Pattern.ts; src/Recipe.ts	Three bounded owners active; integration remains serialized in main
2026-10-06T11:07:13Z	inputs	Integrate the captured input model with typed complete compiler callbacks	Overlay capture now uses compiler inputs and missing configured projects fail instead of disappearing	src/Workspace/InputSnapshot.ts; src/Workspace/Overlay.ts; test/Workspace.test.ts	VERIFIED before callback migration: 18 Workspace tests pass
2026-10-06T11:07:13Z	queries	Integrate project-aware scopes and identity-based node ownership	Filename equality cannot identify compiler context or snapshot ownership	src/Workspace/ProjectSnapshot.ts; src/Query.ts; test/Query.test.ts	VERIFIED before callback migration: 26 Query and Pattern tests pass, actual native requests batch two nodes per file
2026-10-06T11:07:13Z	state	Delete the global type-expansion cache	The cache hides context and can bypass snapshot guards; native project operations already own their caches	src/Type.ts; /Users/texoport/.local/share/opencode/shell/6eb8bcbd247804869f7f0af0da9946a60d5afaf6/sh_110dfd223001BqMqDUrNYt23EL.out	VERIFIED: four real compiler type tests pass
2026-10-06T11:07:13Z	commit-probe	Add a bounded commit-ownership repair to the redesign	A real rename can succeed then report failure and strand originals; late target creation is overwritten	/private/var/folders/_f/yb2trsh50c1gv2dpybhtbw7r0000gn/T/opencode/application-probe.mts	VERIFIED baseline defects; isolated fix in progress
2026-10-06T11:07:13Z	authority	Leave commits and remote publication out of this local redesign	The request authorizes local code changes and verification, not pushes or pull requests	AGENTS.md	Skipped commit stacking and Opening a PR; no remote mutations
2026-10-06T11:13:13Z	scope	Bound the rewrite to the core API, input observations, query ownership and commit journal	The API owner changes 77 files, mostly coordinated caller migrations; native type and signature wrappers remain separate work	package.json; src/Recipe.ts; src/Check.ts; src/Migration/; src/Workspace/ProjectSnapshot.ts	Completion requires migrated callers, retained fixtures, new safety regressions and packed-package behavior passing
2026-10-06T11:13:13Z	synthesis	Keep the ownership design and graft existence-aware replay and a bound apply Effect	A public Execution object and mandatory review callback add coordination; a private closure owns exact writes without either	/private/var/folders/_f/yb2trsh50c1gv2dpybhtbw7r0000gn/T/opencode/safemods-core-ownership.md; /private/var/folders/_f/yb2trsh50c1gv2dpybhtbw7r0000gn/T/opencode/safemods-core-tasks.md	Reject Promise rewrite, mutable builders, durable plans, generic plugins and compatibility shims
2026-10-06T11:26:06Z	core	Integrate Proposal, explicit callbacks and the bound Migration API	One proposal representation and one verified application owner replace the old public stage choreography	src/Proposal.ts; src/Recipe.ts; src/Check.ts; src/Migration/Verify.ts; package.json	VERIFIED typecheck; all callers migrated without compatibility aliases
2026-10-06T11:26:06Z	freshness	Use the planning snapshot for baseline diagnostics and share captured inputs with the proposed snapshot	Recipes, baseline diagnostics and replay must use the same observed input base	src/Migration/Verify.ts; test/Recipe.test.ts; test/Verification.test.ts	VERIFIED: all four original safety regressions pass; drift during verification is now rejected before issuance
2026-10-06T11:26:06Z	commit	Install without clobbering and recover only targets identified by retained temporary anchors	An attempted install is not ownership; ambiguous backup failures must remain recoverable	src/Migration/Apply.ts; test/Application.test.ts	VERIFIED: 22 application tests pass, including backup/link ambiguity, late occupants and unknown identity
2026-10-06T11:26:06Z	context	Return every file context and require explicit project choice for ambiguous CLI inspection	The first configured owner is not an authoritative compiler interpretation	src/Workspace/Workspace.ts; src/Inspect.ts; src/bin.ts; test/Inspect.test.ts	VERIFIED: CLI regression failed before the change; 42 inspection/workspace/verification/check tests pass afterward
2026-10-06T11:26:06Z	comments	Delete the request-coalescing explanation but keep ownership validation	Comment review could not justify the claimed Effect coalescing behavior; validation remains the public node boundary	src/Workspace/ProjectSnapshot.ts	One new comment deleted; no suppressions added
2026-10-06T11:26:06Z	limits	Document native type/signature and filesystem limits instead of claiming stronger guarantees	Cross-project native handles and instantiated conditional type traversal remain outside the verified rewrite	README.md	Open: native Type/Signature ownership and complete conditional type traversal; hardlinks and exclusive application access required
2026-10-06T17:02:00Z	cli-preview	Migrate the run regression to assert complete before/after preview hunks	Preview now shows what will change rather than only filenames; keep no-write and exact-apply assertions	test/Run.test.ts	VERIFIED: both CLI run tests pass
2026-10-06T17:02:00Z	integrated-review	Accept three concrete independent-review findings and reproduce them before repair	Project diagnostic identity, declaration context and umask all crossed boundaries not covered by earlier tests	ses_eef099b9effe1ms1MuzA6uyLEk; test/Application.test.ts; test/Verification.test.ts; test/Query.test.ts	VERIFIED red: two permission regressions, shared-project diagnostic masking, external diagnostic collision and foreign signature matching; reviewer reported GPT-6.1 Sol, not cross-model-family
2026-10-06T17:02:00Z	review-repair	Retain diagnostic project/path identity, require declaration selections and chmod staged originals	Native snapshots may share source objects across projects, so a bare Node cannot retain originating context; creation modes are filtered by umask	src/Migration/Diagnostics.ts; src/Query.ts; src/Migration/Apply.ts; README.md	VERIFIED: 64 targeted tests pass across five files; typecheck passes; full gate pending
2026-10-06T17:04:00Z	review-follow-up	Close all three accepted integrated-review findings after read-only reinspection	Reviewer confirmed context-aware diagnostics, pre-semantic declaration validation and explicit permission restoration	ses_eef099b9effe1ms1MuzA6uyLEk	No flags; source and regression inspection only, no independent test execution; same model family
2026-10-06T17:04:00Z	final-hygiene	Remove no APIs by alias and leave implementation changes uncommitted	A greenfield redesign should expose one current model without compatibility choreography; local work does not authorize publication	package.json; src/index.ts; git diff --check; obsolete API search	VERIFIED: diff whitespace check passes; no old public API imports or ambient snapshot calls; old Application label remains only an internal tracing name
2026-10-06T17:06:00Z	package-fixture	Use compiler-selected debugger statements in the packed consumer instead of blind text replacement	The real consumer check rejected its own fixture recipe after it rewrote a regex in another source file; verification correctly caught the introduced syntax error	scripts/check-package.mjs; /Users/texoport/.local/share/opencode/shell/6eb8bcbd247804869f7f0af0da9946a60d5afaf6/sh_110fcbe82002z2LgRaXrKYirnr.out	VERIFIED: 186 tests across 46 files pass; packed consumer passes after syntax-directed fixture repair, imports all 15 exports and exercises check/preview/apply/typecheck
2026-10-06T17:06:00Z	completion	Accept the integrated redesign after the entire repository and packed-consumer gate passes	Behavioral regressions, native batching, project context, rollback recovery and actual package consumption are verified together	/Users/texoport/.local/share/opencode/shell/6eb8bcbd247804869f7f0af0da9946a60d5afaf6/sh_110fe4ec4001JKttD5ImgDWd5b.out	VERIFIED: pnpm check; formatting, typecheck, oxlint, knip, self-check 0 findings, 186 tests across 46 files and 15 packed entry points; independent follow-up review no flags; no commits or remote publication
